Workbook

Sheet Employee_Data
A1: EmployeeID | B1: Name | C1: Department | D1: Location | E1: Salary | F1: JoiningYear | G1: Bouns amount | H1: Bouns% | I1: TASK-1: Find the Name of employee using EmployeeID from Search_Input.
A2: E101 | B2: Rahul Sharma | C2: Sales | D2: Mumbai | E2: 45000 | F2: 2019 | G2: =E2*H2 -> 4500 | H2: =_xlfn.XLOOKUP(C2,Department_Bonus!$B$1:$F$1,Department_Bonus!$B$2:$F$2) -> 0.1
A3: E102 | B3: Ananya Gupta | C3: HR | D3: Delhi | E3: 52000 | F3: 2018 | G3: =E3*H3 -> 4160 | H3: =_xlfn.XLOOKUP(C3,Department_Bonus!$B$1:$F$1,Department_Bonus!$B$2:$F$2) -> 0.08
A4: E103 | B4: Rohit Verma | C4: IT | D4: Bangalore | E4: 65000 | F4: 2020 | G4: =E4*H4 -> 7800 | H4: =_xlfn.XLOOKUP(C4,Department_Bonus!$B$1:$F$1,Department_Bonus!$B$2:$F$2) -> 0.12
A5: E104 | B5: Neha Singh | C5: Finance | D5: Pune | E5: 58000 | F5: 2017 | G5: =E5*H5 -> 8700 | H5: =_xlfn.XLOOKUP(C5,Department_Bonus!$B$1:$F$1,Department_Bonus!$B$2:$F$2) -> 0.15 | J5: EmployeeID | K5: Name
A6: E105 | B6: Aman Kumar | C6: Marketing | D6: Mumbai | E6: 48000 | F6: 2021 | G6: =E6*H6 -> 4320 | H6: =_xlfn.XLOOKUP(C6,Department_Bonus!$B$1:$F$1,Department_Bonus!$B$2:$F$2) -> 0.09 | J6: E106 | K6: =VLOOKUP(J6,A1:F9,2,0) -> Pooja Mehta
A7: E106 | B7: Pooja Mehta | C7: IT | D7: Chennai | E7: 62000 | F7: 2019 | G7: =E7*H7 -> 7440 | H7: =_xlfn.XLOOKUP(C7,Department_Bonus!$B$1:$F$1,Department_Bonus!$B$2:$F$2) -> 0.12
A8: E107 | B8: Suresh Rao | C8: Sales | D8: Hyderabad | E8: 47000 | F8: 2020 | G8: =E8*H8 -> 4700 | H8: =_xlfn.XLOOKUP(C8,Department_Bonus!$B$1:$F$1,Department_Bonus!$B$2:$F$2) -> 0.1 | I8: TASK-2: Find the Department of employee with ID E103.
A9: E108 | B9: Kavita Iyer | C9: HR | D9: Bangalore | E9: 54000 | F9: 2016 | G9: =E9*H9 -> 4320 | H9: =_xlfn.XLOOKUP(C9,Department_Bonus!$B$1:$F$1,Department_Bonus!$B$2:$F$2) -> 0.08
B12: TASK-5: If EmployeeID is not found, display "Not Found". | J12: EmployeeID | K12: Department
J13: E103 | K13: =VLOOKUP(J13,A1:F9,3,0) -> IT
I15: TASK-3: Find the Salary of employee Neha Singh using VLOOKUP.
C16: EmployeeID | D16: Name
C17: E110 | D17: =IFERROR(VLOOKUP(C17,A1:F9,2,0),"NOT FOUND") -> NOT FOUND
B19: TASK-6: Find the JoiningYear of employee E101 | J19: Name | K19: Salary
J20: Neha Singh | K20: =VLOOKUP(J20,B1:E9,4,0) -> 58000
I22: TASK-4: Get the Location of employee E107.
C23: EmployeeID | D23: JoiningYear
C24: E101 | D24: =VLOOKUP(C24,A1:F9,6,0) -> 2019
J26: EmployeeID | K26: Location
J27: E107 | K27: =VLOOKUP(J27,A1:F9,4,0) -> Hyderabad

Sheet Department_Bonus
A1: Department | B1: Sales | C1: HR | D1: IT | E1: Finance | F1: Marketing
A2: Bonus % | B2: 0.1 | C2: 0.08 | D2: 0.12 | E2: 0.15 | F2: 0.09
B5: TASK-7:Find the Bonus % for IT department. | I5: TASK-9:Calculate Bonus Amount for employee E104(Bonus Amount = Salary × Bonus %).
C9: Department | D9: IT | J9: Department | K9: Bonus Amount
C10: Bonus % | D10: =HLOOKUP(D9,A1:F2,2,0) -> 0.12 | J10: E 104 | K10: =Employee_Data!E5*HLOOKUP(Employee_Data!C5,Department_Bonus!A1:F2,2,0) -> 8700
B12: TASK-8:Find the Bonus % for Finance department.
I13: TASK-10:If department is invalid, display "No Bonus Data".
C16: Department | D16: Finance
C17: Bonus % | D17: =HLOOKUP(D16,A1:F2,2,0) -> 0.15 | J17: Department | K17: Manager
J18: Bonus % | K18: =IFERROR(HLOOKUP(K17,A1:F2,2,0),"NO Bonus Data") -> NO Bonus Data

Sheet Search_Input
A1: EmployeeID | B1: Name
A2: E104 | B2: Rohit Verma
B5: TASK-11:Find Salary using EmployeeID. | I5: TASK-14:If EmployeeID = E999, return "Employee Not Found".
C9: EmployeeID | D9: E104 | J9: EmployeeID | K9: E999
C10: Salary | D10: =_xlfn.XLOOKUP(D9,Employee_Data!A1:A9,Employee_Data!E1:E9) -> 58000 | J10: Employee Name | K10: =IFERROR(_xlfn.XLOOKUP(K9,Employee_Data!A1:A9,Employee_Data!B1:B9),"E Not Found") -> E Not Found
B12: TASK-12:Find Department using Employee Name. | I12: TASK-15:Find Bonus % using XLOOKUP from Department_Bonus(horizontal lookup).
C16: Employee Name | D16: Rohit Verma | J16: Department | K16: IT
C17: Department | D17: =_xlfn.XLOOKUP(D16,Employee_Data!B1:B9,Employee_Data!C1:C9) -> IT | J17: Bouns | K17: =_xlfn.XLOOKUP(K16,Department_Bonus!A1:F1,Department_Bonus!A2:F2) -> 0.12
B19: TASK-13:Fetch Location of employee Rohit Verma.
C23: Employee Name | D23: Rohit Verma
C24: Location | D24: =_xlfn.XLOOKUP(D23,Employee_Data!B1:B9,Employee_Data!D1:D9) -> Bangalore
